<?xml version="1.0" encoding="UTF-8"?>
<?xml-model href="gingersnaps.rnc" type="application/relax-ng-compact-syntax"?>
<xml>
<title>Gingersnaps</title>

<body>These crunchy, spicy rounds with their cracked, sugary tops are equally at home dunked in tea, coffee, or milk, and frequently enjoyed during the November/December holiday season. But they're just as welcome on a mellow, golden, late-September afternoon, with a comfortable lounge chair and a large glass of fresh-squeezed lemonade.</body>
<step time="PT12M" n="1">Prep
12 mins</step>
<step time="PT11M" n="2">Bake
11 to 13 mins</step>
<step time="PT23M" n="3">Total
23 mins</step>
<step n="4" amount="5" >Yield
about 5 dozen cookies</step>
<ingred>Gingersnaps
Ingredients</ingred>

<title>Cookies</title>

<measurement fraction="0.75" i="1">3/4 cup (138g) vegetable shortening*</measurement>
<measurement fraction="1" i="2">1 cup (198g) granulated sugar</measurement>
<measurement fraction="0.5" i="3">1/2 teaspoon salt</measurement>
<measurement fraction="2" i="4">2 teaspoons baking soda</measurement>
<measurement fraction="1" i="5">1 large egg</measurement>
<measurement fraction="0.333" i="6">1/3 cup (113g) molasses</measurement>
<measurement fraction="2.333" i="7">2 1/3 cups (280g) King Arthur Unbleached All-Purpose Flour</measurement>
<measurement fraction="1" i="8">1 to 2 teaspoons ginger</measurement>
<measurement fraction="0.5" i="9">1/2 teaspoon cloves</measurement>
<measurement fraction="1" i="10">1 teaspoon cinnamon</measurement>

<question>*Can you substitute butter for the vegetable shortening? Yes; but the cookies will be soft, not crisp.</question>

<title>Coating</title>

<measurement fraction="0.25" i="11">1/4 cup (50g) granulated sugar</measurement>
<measurement fraction="1" i="12">1 teaspoon cinnamon</measurement>

<title>Instructions</title>

<step overview="1">Preheat the oven to 375°F. Lightly grease (or line with parchment) two baking sheets.</step>

<step overview="2">Beat together the shortening, sugar, salt, and baking soda.</step>

<step overview="3">Beat in the egg, then the molasses.</step>

<step overview="4">Add the flour and spices, beating to make a smooth, fairly stiff dough.</step>

<step overview="5">To make the coating, combine the sugar and cinnamon, and place in a shallow pan or dish.</step>

<step overview="6">Drop the dough in 1" balls into the cinnamon-sugar mixture; a teaspoon cookie scoop is perfect here.</step>

<step overview="7">Roll the balls in the sugar to coat, then transfer them to the prepared baking sheets, leaving at least 1 1/2" between them; they'll spread as they bake.</step>

<step overview="8">Bake the cookies for 11 minutes, for cookies that are crisp around the edges, and "bendy" in the center. Bake for 13 minutes, for cookies that are crisp/crunchy all the way through.</step>

<step overview="9">Remove the cookies from the oven, and cool right on the pan, or on a rack. Cool completely, then store tightly wrapped, at room temperature.</step>

 </xml>

